id,user_id,username,action,resource,status,details,ip_address,user_agent,created_at
9,1,admin1,login,,success,{'method': 'otp'},,,2026-05-16 13:45:11.751993+00:00
8,3,analyst1,detect,C:\Users\USER\Downloads\Test_02-04-2018.csv,success,"{'model_id': 2, 'total_flows': 1782, 'detection_id': 2, 'features_count': 10, 'threshold_used': 0.5, 'anomalies_detected': 528, 'custom_features_used': False, 'execution_time_seconds': 0.4005625247955322}",,,2026-05-16 13:41:59.365163+00:00
7,3,analyst1,model_train,C:\Users\USER\Downloads\Train_02-04-2018.csv,success,"{'accuracy': 0.9987080103359173, 'model_id': 2, 'file_type': '.csv', 'model_name': 'CIC IDS 2018 Model_20260516_164128', 'features_used': 10, 'custom_features': False, 'training_samples': 24859}",,,2026-05-16 13:41:34.041355+00:00
6,3,analyst1,login,,success,{'method': 'otp'},,,2026-05-16 13:40:49.766114+00:00
5,1,admin1,user_create,analyst1,success,"{'role': 'Analyst', 'email': 'feyfeyf44@gmail.com', 'password_set_by': 'admin'}",,,2026-05-16 13:38:30.742468+00:00
4,1,analyst1,user_create,analyst1,success,"{'role': 'Analyst', 'must_change_password': False}",,,2026-05-16 13:38:30.408064+00:00
3,1,admin1,detect,C:\Users\USER\Downloads\Test_02-04-2018.csv,success,"{'model_id': 1, 'total_flows': 1782, 'detection_id': 1, 'features_count': 10, 'threshold_used': 0.5, 'anomalies_detected': 59, 'custom_features_used': False, 'execution_time_seconds': 13.675196409225464}",,,2026-05-16 13:34:29.549733+00:00
2,1,admin1,model_train,C:\Users\USER\Downloads\Train_02-04-2018.csv,success,"{'accuracy': 0.9987080103359173, 'model_id': 1, 'file_type': '.csv', 'model_name': 'CIC IDS 2018 Model_20260516_161825', 'features_used': 10, 'custom_features': False, 'training_samples': 24859}",,,2026-05-16 13:18:31.132271+00:00
1,1,admin1,login,,success,{'method': 'otp'},,,2026-05-16 13:17:19.120006+00:00
